,filename,hat,veil,glasses,accessory
0,flipped_AR_FDB_m-003-13.png,1,0,1,1
1,flipped_AR_FDB_m-051-13.png,1,0,1,1
2,flipped_AR_FDB_m-052-22.png,1,1,0,1
3,flipped_AR_FDB_m-069-26.png,1,0,1,1
4,flipped_FRGC_04382d54.jpg,0,1,1,1
5,flipped_FRGC_04790d02.jpg,0,1,1,1
6,flipped_AR_FDB_w-010-1.png,1,1,0,1
7,flipped_AR_FDB_w-015-21_px_4.png,1,1,0,1
8,flipped_FRGC_04449d58.JPG,0,1,1,1
9,flipped_AR_FDB_m-017-8.png,1,1,0,1
10,flipped_AR_FDB_m-022-8.png,1,1,0,1
11,flipped_FRGC_04432d28.JPG,0,1,1,1
12,flipped_FRGC_04516d00.JPG,0,1,1,1
13,flipped_FRGC_04551d66.JPG,0,1,1,1
14,flipped_FRGC_04551d70_px_8.png,0,1,1,1
15,flipped_AR_FDB_m-003-9.png,1,1,0,1
16,flipped_AR_FDB_m-025-26.png,1,0,1,1
17,flipped_AR_FDB_m-030-25.png,1,0,1,1
18,flipped_AR_FDB_m-063-10.png,1,1,0,1
19,flipped_AR_FDB_m-073-10_px_8.png,1,1,0,1
20,flipped_AR_FDB_m-075-21.png,1,1,0,1
21,flipped_AR_FDB_m-075-9_px_6.png,1,1,0,1
22,flipped_AR_FDB_w-002-23.png,1,0,1,1
23,flipped_FRGC_04419d184.jpg,0,1,1,1
24,flipped_AR_FDB_m-075-10.png,1,1,0,1
25,flipped_FRGC_04395d55.JPG,0,1,1,1
26,flipped_FRGC_04724d18.jpg,0,1,1,1
27,flipped_AR_FDB_m-052-8.png,1,1,0,1
28,flipped_AR_FDB_m-037-8.png,1,1,0,1
29,flipped_AR_FDB_m-055-21.png,1,1,0,1
30,flipped_AR_FDB_m-066-8.png,1,1,0,1
31,flipped_AR_FDB_m-074-8.png,1,1,0,1
32,flipped_AR_FDB_w-015-22.png,1,0,1,1
33,flipped_FRGC_04551d58.JPG,0,1,1,1
34,flipped_AR_FDB_m-017-23.png,1,1,0,1
35,flipped_AR_FDB_m-023-23.png,1,1,0,1
36,flipped_AR_FDB_m-042-25.png,1,0,1,1
37,flipped_AR_FDB_m-014-22.png,1,1,0,1
38,flipped_AR_FDB_m-059-9.png,1,1,0,1
39,flipped_AR_FDB_m-067-26.png,1,0,1,1
40,flipped_AR_FDB_w-003-10_px_4.png,1,1,0,1
41,flipped_FRGC_04444d226.jpg,0,1,1,1
42,flipped_AR_FDB_m-004-24.png,1,0,1,1
43,flipped_AR_FDB_m-033-22.png,1,1,0,1
44,flipped_AR_FDB_w-005-23.png,1,0,1,1
45,flipped_AR_FDB_w-008-12.png,1,0,1,1
46,flipped_FRGC_04618d07.jpg,0,1,1,1
47,flipped_AR_FDB_m-023-10.png,1,1,0,1
48,flipped_AR_FDB_w-016-21.png,1,1,0,1
49,flipped_AR_FDB_w-016-25.png,1,0,1,1
50,flipped_AR_FDB_m-058-26.png,1,0,1,1
51,flipped_AR_FDB_w-005-24_px_4.png,1,0,1,1
52,flipped_AR_FDB_m-011-9.png,1,1,0,1
53,flipped_AR_FDB_m-022-25.png,1,0,1,1
54,flipped_AR_FDB_m-056-25.png,1,0,1,1
55,flipped_FRGC_04717d23.jpg,0,1,1,1
56,flipped_AR_FDB_m-005-26.png,1,0,1,1
57,flipped_AR_FDB_m-020-9.png,1,1,0,1
58,flipped_AR_FDB_m-033-13.png,1,0,1,1
59,flipped_AR_FDB_m-048-22.png,1,1,0,1
60,flipped_AR_FDB_w-009-21.png,1,1,0,1
61,flipped_AR_FDB_m-019-26.png,1,0,1,1
62,flipped_AR_FDB_m-033-9.png,1,1,0,1
63,flipped_AR_FDB_m-037-25.png,1,0,1,1
64,flipped_AR_FDB_m-047-11.png,1,0,1,1
65,flipped_AR_FDB_m-062-11.png,1,0,1,1
66,flipped_AR_FDB_w-014-9.png,1,0,1,1
67,flipped_FRGC_04432d24.JPG,0,1,1,1
68,flipped_FRGC_04449d58_px_6.png,0,1,1,1
69,flipped_AR_FDB_m-004-25.png,1,0,1,1
70,flipped_AR_FDB_m-010-26.png,1,0,1,1
71,flipped_AR_FDB_m-037-12.png,1,0,1,1
72,flipped_AR_FDB_m-043-2.png,1,1,0,1
73,flipped_AR_FDB_m-045-13.png,1,0,1,1
74,flipped_AR_FDB_m-069-22.png,1,1,0,1
75,flipped_FRGC_04286d283.jpg,0,1,1,1
76,flipped_FRGC_04516d50.JPG,0,1,1,1
77,flipped_AR_FDB_m-010-8.png,1,1,0,1
78,flipped_AR_FDB_m-029-9.png,1,1,0,1
79,flipped_AR_FDB_m-058-8.png,1,1,0,1
80,flipped_AR_FDB_m-064-9.png,1,1,0,1
81,flipped_AR_FDB_w-005-11.png,1,0,1,1
82,flipped_FRGC_04395d146.jpg,0,1,1,1
83,flipped_FRGC_04826d02.jpg,0,1,1,1
84,flipped_AR_FDB_m-024-12.png,1,0,1,1
85,flipped_AR_FDB_m-043-26.png,1,0,1,1
86,flipped_FRGC_04581d188.jpg,0,1,1,1
87,flipped_AR_FDB_m-009-22.png,1,1,0,1
88,flipped_AR_FDB_m-019-21.png,1,1,0,1
89,flipped_AR_FDB_m-056-13.png,1,0,1,1
90,flipped_AR_FDB_w-008-10.png,1,0,1,1
91,flipped_AR_FDB_w-011-7.png,1,1,0,1
92,flipped_AR_FDB_w-015-21.png,1,1,0,1
93,flipped_FRGC_04928d12.jpg,0,1,1,1
94,flipped_AR_FDB_m-040-13.png,1,0,1,1
95,flipped_AR_FDB_m-073-21.png,1,1,0,1
96,flipped_AR_FDB_m-018-26.png,1,0,1,1
97,flipped_AR_FDB_m-052-26.png,1,0,1,1
98,flipped_AR_FDB_m-063-12.png,1,0,1,1
99,flipped_AR_FDB_m-070-21.png,1,1,0,1
100,flipped_AR_FDB_m-070-8.png,1,1,0,1
101,flipped_AR_FDB_w-007-22.png,1,0,1,1
102,flipped_AR_FDB_m-074-8_px_6.png,1,1,0,1
103,flipped_AR_FDB_m-050-13.png,1,0,1,1
104,flipped_AR_FDB_m-071-11.png,1,0,1,1
105,flipped_FRGC_04419d186.jpg,0,1,1,1
106,flipped_FRGC_04916d74.jpg,0,1,1,1
107,flipped_FRGC_04928d76.jpg,0,1,1,1
108,flipped_AR_FDB_m-008-23.png,1,1,0,1
109,flipped_AR_FDB_m-015-21.png,1,1,0,1
110,flipped_AR_FDB_m-059-11.png,1,0,1,1
111,flipped_AR_FDB_m-062-9.png,1,1,0,1
112,flipped_AR_FDB_m-069-13.png,1,0,1,1
113,flipped_AR_FDB_w-016-5.png,1,1,0,1
114,flipped_FRGC_04892d38.jpg,0,1,1,1
115,flipped_AR_FDB_m-039-26.png,1,0,1,1
116,flipped_AR_FDB_m-045-23.png,1,1,0,1
117,flipped_AR_FDB_m-063-11.png,1,0,1,1
118,flipped_FRGC_04395d226.jpg,0,1,1,1
119,flipped_FRGC_04826d00.jpg,0,1,1,1
120,flipped_AR_FDB_m-004-13.png,1,0,1,1
121,flipped_AR_FDB_m-076-22_px_4.png,1,1,0,1
122,flipped_AR_FDB_w-002-24_px_8.png,1,0,1,1
123,flipped_AR_FDB_w-017-12_px_4.png,1,0,1,1
124,flipped_AR_FDB_w-017-23.png,1,0,1,1
125,flipped_FRGC_04233d189.jpg,1,1,0,1
126,flipped_AR_FDB_m-031-24.png,1,0,1,1
127,flipped_AR_FDB_m-069-12.png,1,0,1,1
128,flipped_AR_FDB_m-043-21.png,1,1,0,1
129,flipped_AR_FDB_m-044-8.png,1,1,0,1
130,flipped_AR_FDB_m-025-21.png,1,1,0,1
131,flipped_AR_FDB_m-017-10.png,1,1,0,1
132,flipped_FRGC_04516d52.JPG,0,1,1,1
133,flipped_AR_FDB_m-027-23.png,1,1,0,1
134,flipped_AR_FDB_m-021-9.png,1,1,0,1
135,flipped_AR_FDB_m-006-11.png,1,0,1,1
136,flipped_AR_FDB_m-030-26.png,1,0,1,1
137,flipped_AR_FDB_m-043-13.png,1,0,1,1
138,flipped_AR_FDB_m-050-8.png,1,1,0,1
139,flipped_AR_FDB_m-058-12.png,1,0,1,1
140,flipped_FRGC_04410d52.jpg,0,1,1,1
141,flipped_AR_FDB_m-016-22.png,1,1,0,1
142,flipped_AR_FDB_m-027-9.png,1,1,0,1
143,flipped_AR_FDB_m-049-24.png,1,0,1,1
144,flipped_AR_FDB_m-076-10.png,1,1,0,1
145,flipped_AR_FDB_m-059-23.png,1,1,0,1
146,flipped_AR_FDB_m-061-10.png,1,1,0,1
147,flipped_AR_FDB_m-065-24.png,1,0,1,1
148,flipped_AR_FDB_w-003-1.png,1,1,0,1
149,flipped_FRGC_04830d44.jpg,0,1,1,1
150,flipped_AR_FDB_m-005-21.png,1,1,0,1
151,flipped_AR_FDB_w-008-1.png,1,1,0,1
152,flipped_FRGC_04516d67.jpg,0,1,1,1
153,flipped_FRGC_04839d136.jpg,0,1,1,1
154,flipped_AR_FDB_m-063-9.png,1,1,0,1
155,flipped_FRGC_04382d38_px_4.png,0,1,1,1
156,flipped_FRGC_04735d20.jpg,0,1,1,1
157,flipped_AR_FDB_m-075-8.png,1,1,0,1
158,flipped_FRGC_04297d04.jpg,0,1,1,1
159,flipped_AR_FDB_m-013-13.png,1,0,1,1
160,flipped_AR_FDB_m-038-10.png,1,1,0,1
161,flipped_AR_FDB_m-041-24.png,1,0,1,1
162,flipped_AR_FDB_w-007-8_px_8.png,1,1,0,1
163,flipped_FRGC_04382d45.jpg,0,1,1,1
164,flipped_FRGC_04481d32.JPG,0,1,1,1
165,flipped_AR_FDB_m-003-22.png,1,1,0,1
166,flipped_AR_FDB_m-010-23.png,1,1,0,1
167,flipped_AR_FDB_m-013-8.png,1,1,0,1
168,flipped_AR_FDB_m-037-23.png,1,1,0,1
169,flipped_AR_FDB_m-053-9.png,1,1,0,1
170,flipped_AR_FDB_m-073-25.png,1,0,1,1
171,flipped_AR_FDB_w-011-25.png,1,0,1,1
172,flipped_FRGC_04551d76.JPG,0,1,1,1
173,flipped_FRGC_04928d04.jpg,0,1,1,1
174,flipped_AR_FDB_m-004-26.png,1,0,1,1
175,flipped_AR_FDB_m-052-21.png,1,1,0,1
176,flipped_AR_FDB_m-053-11.png,1,0,1,1
177,flipped_AR_FDB_w-015-2.png,1,1,0,1
178,flipped_FRGC_04494d48.jpg,0,1,1,1
179,flipped_AR_FDB_m-001-13.png,1,0,1,1
180,flipped_AR_FDB_m-044-25.png,1,0,1,1
181,flipped_AR_FDB_m-074-23_px_4.png,1,1,0,1
182,flipped_AR_FDB_m-052-12.png,1,0,1,1
183,flipped_FRGC_04395d144_px_8.png,0,1,1,1
184,flipped_FRGC_04839d155.jpg,0,1,1,1
185,flipped_AR_FDB_m-009-21.png,1,1,0,1
186,flipped_AR_FDB_w-008-25_px_6.png,1,0,1,1
187,flipped_FRGC_04576d08.jpg,0,1,1,1
188,flipped_FRGC_04790d18.jpg,0,1,1,1
189,flipped_AR_FDB_m-019-25.png,1,0,1,1
190,flipped_AR_FDB_m-041-10.png,1,1,0,1
191,flipped_AR_FDB_m-065-11.png,1,0,1,1
192,flipped_AR_FDB_m-072-22.png,1,1,0,1
193,flipped_AR_FDB_m-075-8_px_4.png,1,1,0,1
194,flipped_AR_FDB_w-010-10.png,1,0,1,1
195,flipped_FRGC_04382d180.jpg,0,1,1,1
196,flipped_FRGC_04395d259.jpg,0,1,1,1
197,flipped_FRGC_04788d00.jpg,0,1,1,1
198,flipped_AR_FDB_m-004-23.png,1,1,0,1
199,flipped_AR_FDB_m-066-25.png,1,0,1,1
200,flipped_FRGC_04782d113.jpg,0,1,1,1
201,flipped_AR_FDB_m-010-10.png,1,1,0,1
202,flipped_AR_FDB_m-040-25.png,1,0,1,1
203,flipped_AR_FDB_m-052-13.png,1,0,1,1
204,flipped_AR_FDB_m-057-13.png,1,0,1,1
205,flipped_AR_FDB_m-058-25.png,1,0,1,1
206,flipped_FRGC_04494d68.jpg,0,1,1,1
207,flipped_AR_FDB_m-007-21.png,1,1,0,1
208,flipped_AR_FDB_m-039-21.png,1,1,0,1
209,flipped_AR_FDB_m-072-9.png,1,1,0,1
210,flipped_FRGC_04395d24_px_8.png,0,1,1,1
211,flipped_AR_FDB_m-046-22.png,1,1,0,1
212,flipped_AR_FDB_m-055-26.png,1,0,1,1
213,flipped_AR_FDB_w-014-9_px_8.png,1,1,0,1
214,flipped_FRGC_04516d38.JPG,0,1,1,1
215,flipped_AR_FDB_m-036-23.png,1,1,0,1
216,flipped_AR_FDB_m-070-23.png,1,1,0,1
217,flipped_AR_FDB_w-005-21.png,1,1,0,1
218,flipped_FRGC_04382d22.jpg,0,1,1,1
219,flipped_FRGC_04494d61.jpg,0,1,1,1
220,flipped_AR_FDB_m-056-24.png,1,0,1,1
221,flipped_AR_FDB_m-066-10.png,1,1,0,1
222,flipped_FRGC_04395d61.JPG,0,1,1,1
223,flipped_FRGC_04456d60.jpg,0,1,1,1
224,flipped_FRGC_04551d106.jpg,0,1,1,1
225,flipped_AR_FDB_m-002-9.png,1,1,0,1
226,flipped_AR_FDB_m-047-9.png,1,1,0,1
227,flipped_AR_FDB_m-074-11_px_6.png,1,0,1,1
228,flipped_AR_FDB_w-002-20.png,1,1,0,1
229,flipped_FRGC_04551d04.JPG,0,1,1,1
230,flipped_AR_FDB_m-059-10.png,1,1,0,1
231,flipped_FRGC_04892d40.jpg,0,1,1,1
232,flipped_AR_FDB_m-018-23.png,1,1,0,1
233,flipped_AR_FDB_m-033-8.png,1,1,0,1
234,flipped_AR_FDB_m-058-21.png,1,1,0,1
235,flipped_AR_FDB_w-002-13_px_6.png,1,0,1,1
236,flipped_AR_FDB_w-005-5.png,1,1,0,1
237,flipped_FRGC_04493d65.jpg,0,1,1,1
238,flipped_AR_FDB_m-048-23.png,1,1,0,1
239,flipped_FRGC_04382d24.jpg,0,1,1,1
240,flipped_FRGC_04516d58.jpg,0,1,1,1
241,flipped_FRGC_04542d80.jpg,0,1,1,1
242,flipped_AR_FDB_w-017-21.png,1,1,0,1
243,flipped_AR_FDB_m-007-11.png,1,0,1,1
244,flipped_AR_FDB_m-009-11.png,1,0,1,1
245,flipped_AR_FDB_m-010-13.png,1,0,1,1
246,flipped_AR_FDB_m-010-22.png,1,1,0,1
247,flipped_AR_FDB_m-032-24.png,1,0,1,1
248,flipped_FRGC_04419d89_px_4.png,0,1,1,1
249,flipped_FRGC_04516d67_px_4.png,0,1,1,1
250,flipped_AR_FDB_m-040-23.png,1,1,0,1
251,flipped_FRGC_04687d00.jpg,0,1,1,1
252,flipped_AR_FDB_m-009-24.png,1,0,1,1
253,flipped_AR_FDB_m-057-8.png,1,1,0,1
254,flipped_AR_FDB_w-012-24_px_6.png,1,0,1,1
255,flipped_FRGC_04286d74.jpg,0,1,1,1
256,flipped_AR_FDB_m-009-12.png,1,0,1,1
257,flipped_AR_FDB_m-034-11.png,1,0,1,1
258,flipped_AR_FDB_m-059-21.png,1,1,0,1
259,flipped_AR_FDB_m-060-10.png,1,1,0,1
260,flipped_FRGC_04542d76_px_6.png,0,1,1,1
261,flipped_FRGC_04650d115.jpg,1,1,0,1
262,flipped_AR_FDB_m-053-21.png,1,1,0,1
263,flipped_AR_FDB_m-076-24.png,1,0,1,1
264,flipped_AR_FDB_w-008-7.png,1,1,0,1
265,flipped_AR_FDB_w-004-12_px_8.png,1,0,1,1
266,flipped_FRGC_04295d40.JPG,0,1,1,1
267,flipped_AR_FDB_m-011-11.png,1,0,1,1
268,flipped_AR_FDB_w-011-25_px_4.png,1,0,1,1
269,flipped_FRGC_04286d80.jpg,0,1,1,1
270,flipped_AR_FDB_m-018-11.png,1,0,1,1
271,flipped_AR_FDB_m-033-10.png,1,1,0,1
272,flipped_AR_FDB_m-040-26.png,1,0,1,1
273,flipped_AR_FDB_m-071-10.png,1,1,0,1
274,flipped_AR_FDB_m-075-10_px_8.png,1,1,0,1
275,flipped_AR_FDB_w-007-25.png,1,0,1,1
276,flipped_FRGC_04516d60_px_4.png,0,1,1,1
277,flipped_FRGC_04560d101.jpg,0,1,1,1
278,flipped_AR_FDB_w-011-22.png,1,0,1,1
279,flipped_FRGC_04392d65.jpg,0,1,1,1
280,flipped_AR_FDB_w-012-23.png,1,0,1,1
281,flipped_AR_FDB_m-013-12.png,1,0,1,1
282,flipped_AR_FDB_m-067-21.png,1,1,0,1
283,flipped_AR_FDB_w-014-23.png,1,0,1,1
284,flipped_AR_FDB_w-016-9.png,1,0,1,1
285,flipped_AR_FDB_m-001-10.png,1,1,0,1
286,flipped_AR_FDB_m-012-11.png,1,0,1,1
287,flipped_AR_FDB_m-014-10.png,1,1,0,1
288,flipped_AR_FDB_m-014-23.png,1,1,0,1
289,flipped_AR_FDB_m-025-25.png,1,0,1,1
290,flipped_AR_FDB_m-039-25.png,1,0,1,1
291,flipped_FRGC_04395d28.JPG,0,1,1,1
292,flipped_AR_FDB_m-038-25.png,1,0,1,1
293,flipped_AR_FDB_w-016-9_px_6.png,1,1,0,1
294,flipped_AR_FDB_m-019-23.png,1,1,0,1
295,flipped_AR_FDB_m-023-12.png,1,0,1,1
296,flipped_AR_FDB_m-044-10.png,1,1,0,1
297,flipped_AR_FDB_m-051-21.png,1,1,0,1
298,flipped_AR_FDB_m-076-23_px_4.png,1,1,0,1
299,flipped_AR_FDB_w-003-16.png,1,0,1,1
300,flipped_FRGC_04243d80.JPG,0,1,1,1
301,flipped_FRGC_04287d23_px_6.png,0,1,1,1
302,flipped_FRGC_04839d170.jpg,0,1,1,1
303,flipped_AR_FDB_m-045-22.png,1,1,0,1
304,flipped_AR_FDB_m-054-12.png,1,0,1,1
305,flipped_AR_FDB_w-004-8_px_8.png,1,1,0,1
306,flipped_FRGC_04542d80_px_6.png,0,1,1,1
307,flipped_FRGC_04687d87.jpg,0,1,1,1
308,flipped_AR_FDB_m-008-24.png,1,0,1,1
309,flipped_AR_FDB_m-022-22.png,1,1,0,1
310,flipped_FRGC_04382d07_px_4.png,0,1,1,1
311,flipped_AR_FDB_m-012-12.png,1,0,1,1
312,flipped_AR_FDB_m-039-13.png,1,0,1,1
313,flipped_AR_FDB_w-009-22.png,1,1,0,1
314,flipped_AR_FDB_w-016-21_px_8.png,1,1,0,1
315,flipped_AR_FDB_m-003-23.png,1,1,0,1
316,flipped_AR_FDB_m-009-13.png,1,0,1,1
317,flipped_AR_FDB_m-049-21.png,1,1,0,1
318,flipped_AR_FDB_w-004-6.png,1,1,0,1
319,flipped_AR_FDB_m-006-21.png,1,1,0,1
320,flipped_AR_FDB_m-041-25.png,1,0,1,1
321,flipped_AR_FDB_m-051-24.png,1,0,1,1
322,flipped_AR_FDB_w-012-7.png,1,1,0,1
323,flipped_FRGC_04493d38_px_6.png,0,1,1,1
324,flipped_FRGC_04493d42.jpg,0,1,1,1
325,flipped_FRGC_04830d48.jpg,0,1,1,1
326,flipped_AR_FDB_m-049-12.png,1,0,1,1
327,flipped_AR_FDB_m-055-23.png,1,1,0,1
328,flipped_AR_FDB_m-076-23.png,1,1,0,1
329,flipped_AR_FDB_w-008-24.png,1,0,1,1
330,flipped_FRGC_04339d57.jpg,0,1,1,1
331,flipped_FRGC_04382d49.jpg,0,1,1,1
332,flipped_AR_FDB_m-076-8.png,1,1,0,1
333,flipped_FRGC_04516d60.jpg,0,1,1,1
334,flipped_AR_FDB_m-028-11.png,1,0,1,1
335,flipped_AR_FDB_m-036-11.png,1,0,1,1
336,flipped_AR_FDB_w-008-19.png,1,0,1,1
337,flipped_FRGC_04928d00.jpg,0,1,1,1
338,flipped_FRGC_04382d14.JPG,0,1,1,1
339,flipped_AR_FDB_m-031-21.png,1,1,0,1
340,flipped_AR_FDB_m-038-21.png,1,1,0,1
341,flipped_AR_FDB_w-005-22.png,1,1,0,1
342,flipped_AR_FDB_w-008-13_px_4.png,1,0,1,1
343,flipped_AR_FDB_w-012-2.png,1,1,0,1
344,flipped_FRGC_04516d10.JPG,0,1,1,1
345,flipped_AR_FDB_m-017-12.png,1,0,1,1
346,flipped_AR_FDB_m-055-12.png,1,0,1,1
347,flipped_AR_FDB_m-030-9.png,1,1,0,1
348,flipped_AR_FDB_m-059-8.png,1,1,0,1
349,flipped_FRGC_04449d00.JPG,0,1,1,1
350,flipped_AR_FDB_m-003-10.png,1,1,0,1
351,flipped_AR_FDB_m-021-12.png,1,0,1,1
352,flipped_AR_FDB_m-030-8.png,1,1,0,1
353,flipped_AR_FDB_m-050-11.png,1,0,1,1
354,flipped_AR_FDB_m-061-11.png,1,0,1,1
355,flipped_AR_FDB_m-067-12.png,1,0,1,1
356,flipped_FRGC_04892d18.jpg,0,1,1,1
357,flipped_AR_FDB_m-045-11.png,1,0,1,1
358,flipped_AR_FDB_m-049-9.png,1,1,0,1
359,flipped_AR_FDB_m-051-25.png,1,0,1,1
360,flipped_AR_FDB_m-056-12.png,1,0,1,1
361,flipped_AR_FDB_w-012-25_px_8.png,1,0,1,1
362,flipped_AR_FDB_w-013-20.png,1,0,1,1
363,flipped_FRGC_04339d59.jpg,0,1,1,1
364,flipped_FRGC_04382d134.jpg,0,1,1,1
365,flipped_FRGC_04382d136.jpg,0,1,1,1
366,flipped_FRGC_04382d38.jpg,0,1,1,1
367,flipped_FRGC_04551d54.jpg,0,1,1,1
368,flipped_FRGC_04551d70.JPG,0,1,1,1
369,flipped_FRGC_04481d34.JPG,0,1,1,1
370,flipped_AR_FDB_m-041-22.png,1,1,0,1
371,flipped_FRGC_04286d356.jpg,0,1,1,1
372,flipped_AR_FDB_m-034-25.png,1,0,1,1
373,flipped_FRGC_04456d196.jpg,0,1,1,1
374,flipped_AR_FDB_m-002-11.png,1,0,1,1
375,flipped_AR_FDB_m-035-13.png,1,0,1,1
376,flipped_AR_FDB_m-064-12.png,1,0,1,1
377,flipped_AR_FDB_m-065-12.png,1,0,1,1
378,flipped_FRGC_04395d140.jpg,0,1,1,1
379,flipped_AR_FDB_m-004-8.png,1,1,0,1
380,flipped_AR_FDB_m-020-11.png,1,0,1,1
381,flipped_AR_FDB_m-027-24.png,1,0,1,1
382,flipped_AR_FDB_m-044-21.png,1,1,0,1
383,flipped_AR_FDB_m-071-24.png,1,0,1,1
384,flipped_FRGC_04494d61_px_8.png,0,1,1,1
385,flipped_FRGC_04651d07.jpg,0,1,1,1
386,flipped_AR_FDB_m-030-13.png,1,0,1,1
387,flipped_AR_FDB_m-042-9.png,1,1,0,1
388,flipped_AR_FDB_m-059-22.png,1,1,0,1
389,flipped_AR_FDB_w-011-22_px_4.png,1,1,0,1
390,flipped_FRGC_04684d156.jpg,0,1,1,1
391,flipped_AR_FDB_m-005-25.png,1,0,1,1
392,flipped_FRGC_04395d120.jpg,0,1,1,1
393,flipped_FRGC_04581d45.jpg,0,1,1,1
394,flipped_AR_FDB_m-029-10.png,1,1,0,1
395,flipped_FRGC_04493d38.jpg,0,1,1,1
396,flipped_FRGC_04735d06.jpg,0,1,1,1
397,flipped_AR_FDB_m-038-22.png,1,1,0,1
398,flipped_FRGC_04336d61.jpg,0,1,1,1
399,flipped_FRGC_04410d78.jpg,0,1,1,1
400,flipped_FRGC_04449d56_px_4.png,0,1,1,1
401,flipped_AR_FDB_m-017-25.png,1,0,1,1
402,flipped_AR_FDB_m-028-9.png,1,1,0,1
403,flipped_AR_FDB_w-012-24.png,1,0,1,1
404,flipped_FRGC_04916d70.jpg,0,1,1,1
405,flipped_AR_FDB_m-001-23.png,1,1,0,1
406,flipped_AR_FDB_m-013-24.png,1,0,1,1
407,flipped_AR_FDB_m-026-12.png,1,0,1,1
408,flipped_AR_FDB_m-033-12.png,1,0,1,1
409,flipped_AR_FDB_m-036-13.png,1,0,1,1
410,flipped_AR_FDB_m-074-23.png,1,1,0,1
411,flipped_FRGC_04551d66_px_6.png,0,1,1,1
412,flipped_AR_FDB_m-066-9.png,1,1,0,1
413,flipped_AR_FDB_w-009-11.png,1,0,1,1
414,flipped_AR_FDB_m-024-10.png,1,1,0,1
415,flipped_AR_FDB_m-027-26.png,1,0,1,1
416,flipped_FRGC_04395d26.JPG,0,1,1,1
417,flipped_FRGC_04493d36.JPG,0,1,1,1
418,flipped_FRGC_04581d50.jpg,0,1,1,1
419,flipped_FRGC_04830d50.jpg,0,1,1,1
420,flipped_FRGC_04892d76.jpg,0,1,1,1
421,flipped_AR_FDB_m-037-26.png,1,0,1,1
422,flipped_AR_FDB_m-048-10.png,1,1,0,1
423,flipped_AR_FDB_m-072-12.png,1,0,1,1
424,flipped_FRGC_04395d32.JPG,0,1,1,1
425,flipped_AR_FDB_m-054-26.png,1,0,1,1
426,flipped_AR_FDB_m-069-11.png,1,0,1,1
427,flipped_AR_FDB_m-075-13.png,1,0,1,1
428,flipped_FRGC_04494d00.JPG,0,1,1,1
429,flipped_AR_FDB_m-019-8.png,1,1,0,1
430,flipped_AR_FDB_m-039-8.png,1,1,0,1
431,flipped_AR_FDB_m-041-13.png,1,0,1,1
432,flipped_AR_FDB_m-051-8.png,1,1,0,1
433,flipped_FRGC_04243d175.jpg,0,1,1,1
434,flipped_FRGC_04400d16.JPG,0,1,1,1
435,flipped_FRGC_04716d16.jpg,0,1,1,1
436,flipped_AR_FDB_m-032-22.png,1,1,0,1
437,flipped_AR_FDB_m-036-21.png,1,1,0,1
438,flipped_AR_FDB_m-047-21.png,1,1,0,1
439,flipped_FRGC_04493d36_px_6.png,0,1,1,1
440,flipped_AR_FDB_m-011-10.png,1,1,0,1
441,flipped_AR_FDB_m-027-21.png,1,1,0,1
442,flipped_AR_FDB_m-041-26.png,1,0,1,1
443,flipped_AR_FDB_m-061-13.png,1,0,1,1
444,flipped_AR_FDB_w-014-20.png,1,1,0,1
445,flipped_AR_FDB_w-017-24_px_8.png,1,0,1,1
446,flipped_FRGC_04299d67.jpg,0,1,1,1
447,flipped_AR_FDB_w-004-13_px_6.png,1,0,1,1
448,flipped_AR_FDB_m-008-21.png,1,1,0,1
449,flipped_AR_FDB_m-061-8.png,1,1,0,1
450,flipped_FRGC_04830d55.jpg,0,1,1,1
451,flipped_AR_FDB_m-014-26.png,1,0,1,1
452,flipped_AR_FDB_m-040-21.png,1,1,0,1
453,flipped_AR_FDB_m-020-23.png,1,1,0,1
454,flipped_AR_FDB_m-038-11.png,1,0,1,1
455,flipped_AR_FDB_m-045-26.png,1,0,1,1
456,flipped_FRGC_04382d17.JPG,0,1,1,1
457,flipped_AR_FDB_m-040-22.png,1,1,0,1
458,flipped_AR_FDB_m-076-24_px_4.png,1,0,1,1
459,flipped_AR_FDB_w-012-13_px_6.png,1,0,1,1
460,flipped_AR_FDB_w-014-6.png,1,1,0,1
461,flipped_AR_FDB_w-015-24_px_4.png,1,0,1,1
462,flipped_FRGC_04201d169.jpg,0,1,1,1
463,flipped_FRGC_04788d08.jpg,0,1,1,1
464,flipped_AR_FDB_m-002-25.png,1,0,1,1
465,flipped_AR_FDB_m-067-13.png,1,0,1,1
466,flipped_AR_FDB_w-005-22_px_4.png,1,1,0,1
467,flipped_FRGC_04516d30.JPG,0,1,1,1
468,flipped_FRGC_04790d00.jpg,0,1,1,1
469,flipped_AR_FDB_m-008-25.png,1,0,1,1
470,flipped_AR_FDB_m-015-25.png,1,0,1,1
471,flipped_AR_FDB_m-047-23.png,1,1,0,1
472,flipped_AR_FDB_m-051-10.png,1,1,0,1
473,flipped_AR_FDB_w-009-13_px_6.png,1,0,1,1
474,flipped_AR_FDB_w-015-22_px_4.png,1,1,0,1
475,flipped_FRGC_04581d47.jpg,0,1,1,1
476,flipped_AR_FDB_w-005-23_px_4.png,1,1,0,1
477,flipped_AR_FDB_m-001-22.png,1,1,0,1
478,flipped_AR_FDB_m-023-26.png,1,0,1,1
479,flipped_AR_FDB_m-054-10.png,1,1,0,1
480,flipped_AR_FDB_m-059-12.png,1,0,1,1
481,flipped_FRGC_04382d33.jpg,0,1,1,1
482,flipped_FRGC_04735d12.jpg,0,1,1,1
483,flipped_FRGC_04928d16.jpg,0,1,1,1
484,flipped_AR_FDB_m-008-9.png,1,1,0,1
485,flipped_AR_FDB_m-009-23.png,1,1,0,1
486,flipped_AR_FDB_m-045-8.png,1,1,0,1
487,flipped_AR_FDB_m-073-10.png,1,1,0,1
488,flipped_AR_FDB_w-008-11.png,1,0,1,1
489,flipped_AR_FDB_w-011-9.png,1,1,0,1
490,flipped_FRGC_04295d46.JPG,0,1,1,1
491,flipped_FRGC_04735d18.jpg,0,1,1,1
492,flipped_FRGC_04756d37.jpg,0,1,1,1
493,flipped_FRGC_04382d26.jpg,0,1,1,1
494,flipped_AR_FDB_m-034-10.png,1,1,0,1
495,flipped_AR_FDB_m-049-13.png,1,0,1,1
496,flipped_AR_FDB_m-028-8.png,1,1,0,1
497,flipped_AR_FDB_m-029-8.png,1,1,0,1
498,flipped_AR_FDB_w-008-8.png,1,1,0,1
499,flipped_AR_FDB_w-011-12_px_8.png,1,0,1,1
500,flipped_FRGC_04243d175_px_4.png,0,1,1,1
501,flipped_FRGC_04395d218.jpg,0,1,1,1
502,flipped_AR_FDB_m-044-13.png,1,0,1,1
503,flipped_AR_FDB_m-047-26.png,1,0,1,1
504,flipped_AR_FDB_m-050-10.png,1,1,0,1
505,flipped_AR_FDB_w-005-17.png,1,1,0,1
506,flipped_FRGC_04419d198.jpg,0,1,1,1
507,flipped_FRGC_04494d28.JPG,0,1,1,1
508,flipped_AR_FDB_m-012-24.png,1,0,1,1
509,flipped_AR_FDB_m-052-10.png,1,1,0,1
510,flipped_AR_FDB_m-075-25.png,1,0,1,1
511,flipped_AR_FDB_w-007-5.png,1,1,0,1
512,flipped_AR_FDB_m-073-25_px_4.png,1,0,1,1
513,flipped_AR_FDB_w-012-23_px_6.png,1,1,0,1
514,flipped_AR_FDB_w-013-6.png,1,1,0,1
515,flipped_FRGC_04516d40.JPG,0,1,1,1
516,flipped_FRGC_04830d36.jpg,0,1,1,1
517,flipped_AR_FDB_w-002-1.png,1,0,1,1
518,flipped_AR_FDB_m-005-12.png,1,0,1,1
519,flipped_AR_FDB_m-047-22.png,1,1,0,1
520,flipped_AR_FDB_m-050-12.png,1,0,1,1
521,flipped_AR_FDB_w-009-10.png,1,0,1,1
522,flipped_FRGC_04687d85.jpg,0,1,1,1
523,flipped_FRGC_04830d42.jpg,0,1,1,1
524,flipped_FRGC_04892d80.jpg,0,1,1,1
525,flipped_AR_FDB_m-059-26.png,1,0,1,1
526,flipped_AR_FDB_m-070-25.png,1,0,1,1
527,flipped_FRGC_04382d07.JPG,0,1,1,1
528,flipped_FRGC_04892d22.jpg,0,1,1,1
529,flipped_AR_FDB_m-042-21.png,1,1,0,1
530,flipped_AR_FDB_w-010-2.png,1,0,1,1
531,flipped_FRGC_04516d46.JPG,0,1,1,1
532,flipped_FRGC_04892d74.jpg,0,1,1,1
533,flipped_AR_FDB_m-006-22.png,1,1,0,1
534,flipped_AR_FDB_m-020-13.png,1,0,1,1
535,flipped_AR_FDB_m-037-22.png,1,1,0,1
536,flipped_AR_FDB_m-066-26.png,1,0,1,1
537,flipped_AR_FDB_m-073-21_px_4.png,1,1,0,1
538,flipped_AR_FDB_w-009-23_px_4.png,1,1,0,1
539,flipped_FRGC_04732d00.jpg,0,1,1,1
540,flipped_FRGC_04889d04.jpg,0,1,1,1
541,flipped_AR_FDB_m-012-9.png,1,1,0,1
542,flipped_FRGC_04382d31.jpg,0,1,1,1
543,flipped_FRGC_04576d06.jpg,0,1,1,1
544,flipped_FRGC_04684d154.jpg,0,1,1,1
545,flipped_AR_FDB_m-074-11.png,1,0,1,1
546,flipped_AR_FDB_m-048-24.png,1,0,1,1
547,flipped_FRGC_04717d25.jpg,0,1,1,1
548,flipped_AR_FDB_m-021-13.png,1,0,1,1
549,flipped_AR_FDB_m-032-10.png,1,1,0,1
550,flipped_AR_FDB_m-034-13.png,1,0,1,1
551,flipped_AR_FDB_m-036-8.png,1,1,0,1
552,flipped_FRGC_04382d52.jpg,0,1,1,1
553,flipped_FRGC_04419d196.jpg,0,1,1,1
554,flipped_FRGC_04449d56.JPG,0,1,1,1
555,flipped_AR_FDB_m-044-22.png,1,1,0,1
556,flipped_AR_FDB_m-069-24.png,1,0,1,1
557,flipped_AR_FDB_w-011-26_px_4.png,1,0,1,1
558,flipped_AR_FDB_m-059-25.png,1,0,1,1
559,flipped_AR_FDB_w-012-10.png,1,0,1,1
560,flipped_FRGC_04243d181.jpg,0,1,1,1
561,flipped_AR_FDB_m-037-24.png,1,0,1,1
562,flipped_AR_FDB_m-019-11.png,1,0,1,1
563,flipped_AR_FDB_m-025-10.png,1,1,0,1
564,flipped_AR_FDB_m-052-25.png,1,0,1,1
565,flipped_AR_FDB_w-009-20.png,1,1,0,1
566,flipped_AR_FDB_m-042-24.png,1,0,1,1
567,flipped_AR_FDB_m-071-9.png,1,1,0,1
568,flipped_AR_FDB_m-072-26.png,1,0,1,1
569,flipped_AR_FDB_w-011-21.png,1,1,0,1
570,flipped_AR_FDB_m-073-26.png,1,0,1,1
571,flipped_AR_FDB_m-076-10_px_8.png,1,1,0,1
572,flipped_AR_FDB_w-003-12_px_4.png,1,0,1,1
573,flipped_AR_FDB_w-014-22.png,1,1,0,1
574,flipped_AR_FDB_m-004-21.png,1,1,0,1
575,flipped_AR_FDB_m-042-22.png,1,1,0,1
576,flipped_AR_FDB_w-004-19.png,1,1,0,1
577,flipped_AR_FDB_w-016-23.png,1,0,1,1
578,flipped_AR_FDB_m-016-25.png,1,0,1,1
579,flipped_AR_FDB_m-048-13.png,1,0,1,1
580,flipped_AR_FDB_m-049-26.png,1,0,1,1
581,flipped_AR_FDB_w-004-12.png,1,0,1,1
582,flipped_AR_FDB_m-044-26.png,1,0,1,1
583,flipped_AR_FDB_m-075-9.png,1,1,0,1
584,flipped_AR_FDB_w-007-21.png,1,1,0,1
585,flipped_AR_FDB_m-069-10.png,1,1,0,1
586,flipped_AR_FDB_w-015-24.png,1,0,1,1
587,flipped_FRGC_04382d11.JPG,0,1,1,1
588,flipped_FRGC_04395d138.jpg,0,1,1,1
589,flipped_AR_FDB_w-002-23_px_6.png,1,1,0,1
590,flipped_FRGC_04287d27.jpg,0,1,1,1
591,flipped_FRGC_04516d04_px_8.png,0,1,1,1
592,flipped_FRGC_04756d35.jpg,0,1,1,1
593,flipped_FRGC_04892d04.jpg,0,1,1,1
594,flipped_AR_FDB_m-010-25.png,1,0,1,1
595,flipped_AR_FDB_m-015-11.png,1,0,1,1
596,flipped_AR_FDB_m-022-26.png,1,0,1,1
597,flipped_AR_FDB_m-023-9.png,1,1,0,1
598,flipped_AR_FDB_m-027-22.png,1,1,0,1
599,flipped_AR_FDB_m-051-12.png,1,0,1,1
600,flipped_AR_FDB_w-003-10.png,1,0,1,1
601,flipped_AR_FDB_w-004-8.png,1,0,1,1
602,flipped_AR_FDB_w-010-9_px_8.png,1,1,0,1
603,flipped_FRGC_04735d26.jpg,0,1,1,1
604,flipped_AR_FDB_m-007-10.png,1,1,0,1
605,flipped_AR_FDB_m-038-13.png,1,0,1,1
606,flipped_AR_FDB_m-072-25.png,1,0,1,1
607,flipped_FRGC_04286d349.jpg,0,1,1,1
608,flipped_FRGC_04395d156.jpg,0,1,1,1
609,flipped_FRGC_04687d25.jpg,0,1,1,1
610,flipped_FRGC_04892d50.jpg,0,1,1,1
611,flipped_AR_FDB_m-026-8.png,1,1,0,1
612,flipped_AR_FDB_m-073-13.png,1,0,1,1
613,flipped_AR_FDB_m-060-9.png,1,1,0,1
614,flipped_FRGC_04287d23.jpg,0,1,1,1
615,flipped_AR_FDB_m-075-24.png,1,0,1,1
616,flipped_FRGC_04395d24.JPG,0,1,1,1
617,flipped_AR_FDB_m-032-9.png,1,1,0,1
618,flipped_FRGC_04395d144.jpg,0,1,1,1
619,flipped_AR_FDB_m-032-11.png,1,0,1,1
620,flipped_AR_FDB_w-017-22.png,1,1,0,1
621,flipped_FRGC_04531d49.jpg,0,1,1,1
622,flipped_FRGC_04839d166.jpg,0,1,1,1
623,flipped_FRGC_04892d36.jpg,0,1,1,1
624,flipped_AR_FDB_m-049-25.png,1,0,1,1
625,flipped_FRGC_04531d04.JPG,0,1,1,1
626,flipped_FRGC_04732d02.jpg,0,1,1,1
627,flipped_AR_FDB_m-020-12.png,1,0,1,1
628,flipped_AR_FDB_m-017-22.png,1,1,0,1
629,flipped_AR_FDB_m-070-22.png,1,1,0,1
630,flipped_AR_FDB_m-015-10.png,1,1,0,1
631,flipped_FRGC_04829d12.jpg,0,1,1,1
632,flipped_FRGC_04892d16.jpg,0,1,1,1
633,flipped_AR_FDB_m-074-12.png,1,0,1,1
634,flipped_AR_FDB_w-007-21_px_8.png,1,1,0,1
635,flipped_AR_FDB_m-015-9.png,1,1,0,1
636,flipped_AR_FDB_m-045-21.png,1,1,0,1
637,flipped_FRGC_04494d40.JPG,0,1,1,1
638,flipped_FRGC_04516d10_px_4.png,0,1,1,1
639,flipped_AR_FDB_m-023-25.png,1,0,1,1
640,flipped_AR_m-002-21.png,1,1,0,1
641,flipped_AR_m-002-24.png,1,0,1,1
642,flipped_AR_m-005-21.png,1,1,0,1
643,flipped_AR_m-014-11.png,1,0,1,1
644,flipped_AR_m-016-11.png,1,0,1,1
645,flipped_AR_m-019-8.png,1,1,0,1
646,flipped_AR_m-020-12.png,1,0,1,1
647,flipped_AR_m-020-24.png,1,0,1,1
648,flipped_AR_m-022-25.png,1,0,1,1
649,flipped_AR_m-022-8.png,1,1,0,1
650,flipped_AR_m-024-12.png,1,0,1,1
651,flipped_AR_m-024-8.png,1,1,0,1
652,flipped_AR_m-025-13.png,1,0,1,1
653,flipped_AR_m-028-11.png,1,0,1,1
654,flipped_AR_m-030-8.png,1,1,0,1
655,flipped_AR_m-035-12.png,1,0,1,1
656,flipped_AR_m-037-8.png,1,1,0,1
657,flipped_AR_m-042-25.png,1,0,1,1
658,flipped_AR_m-045-11.png,1,0,1,1
659,flipped_AR_m-047-8.png,1,1,0,1
660,flipped_AR_m-048-26.png,1,0,1,1
661,flipped_AR_m-049-24.png,1,0,1,1
662,flipped_AR_m-049-8.png,1,1,0,1
663,flipped_AR_m-050-13.png,1,0,1,1
664,flipped_AR_m-051-21.png,1,1,0,1
665,flipped_AR_m-053-13.png,1,0,1,1
666,flipped_AR_m-054-12.png,1,0,1,1
667,flipped_AR_m-055-24.png,1,0,1,1
668,flipped_AR_m-056-21.png,1,1,0,1
669,flipped_AR_m-056-26.png,1,0,1,1
670,flipped_AR_m-057-11.png,1,0,1,1
671,flipped_AR_m-060-13.png,1,0,1,1
672,flipped_AR_m-060-24.png,1,0,1,1
673,flipped_AR_m-065-26.png,1,0,1,1
674,flipped_AR_m-066-26.png,1,0,1,1
675,flipped_AR_m-068-11.png,1,0,1,1
676,flipped_AR_m-071-21.png,1,1,0,1
677,flipped_AR_m-075-11.png,1,0,1,1
678,flipped_AR_m-075-24.png,1,0,1,1
679,flipped_AR_w-001-8.png,1,1,0,1
680,flipped_AR_w-003-11.png,1,0,1,1
681,flipped_AR_w-004-11.png,1,0,1,1
682,flipped_AR_w-005-11.png,1,0,1,1
683,flipped_AR_w-008-11.png,1,0,1,1
684,flipped_AR_w-011-12.png,1,0,1,1
685,flipped_AR_w-011-25.png,1,0,1,1
686,flipped_AR_w-014-21.png,1,1,0,1
687,flipped_AR_w-015-11.png,1,0,1,1
688,flipped_AR_w-016-8.png,1,1,0,1
689,flipped_AR_w-017-11.png,1,0,1,1
690,flipped_AR_w-017-21.png,1,1,0,1
691,flipped_AR_w-019-11.png,1,0,1,1
692,flipped_AR_w-019-13.png,1,0,1,1
693,flipped_AR_w-022-21.png,1,1,0,1
694,flipped_AR_w-022-24.png,1,0,1,1
695,flipped_AR_w-024-13.png,1,0,1,1
696,flipped_AR_w-024-24.png,1,0,1,1
697,flipped_AR_w-024-8.png,1,1,0,1
698,flipped_AR_w-026-12.png,1,0,1,1
699,flipped_AR_w-027-11.png,1,0,1,1
700,flipped_AR_w-027-8.png,1,1,0,1
701,flipped_AR_w-029-11.png,1,0,1,1
702,flipped_AR_w-029-21.png,1,1,0,1
703,flipped_AR_w-032-11.png,1,0,1,1
704,flipped_AR_w-032-12.png,1,0,1,1
705,flipped_AR_w-033-13.png,1,0,1,1
706,flipped_AR_w-033-24.png,1,0,1,1
707,flipped_AR_w-033-8.png,1,1,0,1
708,flipped_AR_w-036-8.png,1,1,0,1
709,flipped_AR_w-037-26.png,1,0,1,1
710,flipped_AR_w-038-11.png,1,0,1,1
711,flipped_AR_w-039-12.png,1,0,1,1
712,flipped_AR_w-039-24.png,1,0,1,1
713,flipped_AR_w-040-12.png,1,0,1,1
714,flipped_AR_w-040-26.png,1,0,1,1
715,flipped_AR_w-041-21.png,1,1,0,1
716,flipped_AR_w-042-25.png,1,0,1,1
717,flipped_AR_w-043-11.png,1,0,1,1
718,flipped_AR_w-043-13.png,1,0,1,1
719,flipped_AR_w-043-8.png,1,1,0,1
720,flipped_AR_w-047-13.png,1,0,1,1
721,flipped_AR_w-048-24.png,1,0,1,1
722,flipped_AR_w-050-8.png,1,1,0,1
723,flipped_AR_w-052-24.png,1,0,1,1
724,flipped_AR_w-053-11.png,1,0,1,1
725,flipped_AR_w-054-21.png,1,1,0,1
726,flipped_AR_w-054-24.png,1,0,1,1
727,flipped_AR_w-055-11.png,1,0,1,1
728,flipped_AR_w-055-8.png,1,1,0,1
729,flipped_AR_w-059-24.png,1,0,1,1
730,flipped_AR_w-060-21.png,1,1,0,1
731,flipped_Fall2002_04233d75.JPG,1,1,0,1
732,flipped_Fall2002_04295d35.JPG,0,1,1,1
733,flipped_Fall2002_04295d59.JPG,0,1,1,1
734,flipped_Fall2002_04382d05.JPG,0,1,1,1
735,flipped_Fall2002_04395d56.JPG,0,1,1,1
736,flipped_Fall2002_04442d62.JPG,0,1,1,1
737,flipped_Fall2002_04442d63.JPG,0,1,1,1
738,flipped_Fall2002_04494d08.JPG,0,1,1,1
739,flipped_Fall2002_04516d11.JPG,0,1,1,1
740,flipped_Fall2002_04516d31.JPG,0,1,1,1
741,flipped_Fall2002_04516d34.JPG,0,1,1,1
742,flipped_Fall2002_04531d20.JPG,0,1,1,1
743,flipped_Fall2003_04382d138.jpg,0,1,1,1
744,flipped_Fall2003_04382d139.jpg,0,1,1,1
745,flipped_Fall2003_04395d148.jpg,0,1,1,1
746,flipped_Fall2003_04542d78.jpg,0,1,1,1
747,flipped_Fall2003_04581d186.jpg,0,1,1,1
748,flipped_Fall2003_04581d191.jpg,0,1,1,1
749,flipped_Fall2003_04684d160.jpg,0,1,1,1
750,flipped_Fall2003_04712d01.jpg,0,1,1,1
751,flipped_Fall2003_04735d21.jpg,0,1,1,1
752,flipped_Fall2003_04735d08.jpg,0,1,1,1
753,flipped_Fall2003_04790d03.jpg,0,1,1,1
754,flipped_Fall2003_04830d41.jpg,0,1,1,1
755,flipped_Fall2003_04830d47.jpg,0,1,1,1
756,flipped_Fall2003_04830d53.jpg,0,1,1,1
757,flipped_Fall2003_04830d51.jpg,0,1,1,1
758,flipped_FRGC_04712d00.jpg,0,1,1,1
759,flipped_AR_FDB_w-017-2.png,1,1,0,1
760,flipped_FRGC_04494d75.jpg,0,1,1,1
761,flipped_AR_FDB_m-026-22.png,1,1,0,1
762,flipped_AR_FDB_m-041-9.png,1,1,0,1
763,flipped_FRGC_04516d54.jpg,0,1,1,1
764,flipped_FRGC_04201d165.jpg,0,1,1,1
765,flipped_FRGC_04788d06.jpg,0,1,1,1
766,flipped_AR_FDB_m-031-13.png,1,0,1,1
767,flipped_FRGC_04494d10.JPG,0,1,1,1
768,flipped_FRGC_04494d38.JPG,0,1,1,1
769,flipped_AR_FDB_m-053-22.png,1,1,0,1
770,flipped_AR_FDB_m-025-22.png,1,1,0,1
771,flipped_AR_FDB_m-053-10.png,1,1,0,1
772,flipped_AR_FDB_m-002-23.png,1,1,0,1
773,flipped_AR_FDB_m-014-21.png,1,1,0,1
774,flipped_AR_FDB_m-043-11.png,1,0,1,1
775,flipped_AR_FDB_m-027-13.png,1,0,1,1
776,flipped_AR_FDB_w-011-2.png,1,1,0,1
777,flipped_FRGC_04735d24.jpg,0,1,1,1
778,flipped_FRGC_04551d86.jpg,0,1,1,1
779,flipped_AR_FDB_m-038-24.png,1,0,1,1
780,flipped_AR_FDB_m-016-21.png,1,1,0,1
781,flipped_AR_FDB_m-005-11.png,1,0,1,1
782,flipped_AR_FDB_m-040-8.png,1,1,0,1
783,flipped_AR_FDB_m-070-24.png,1,0,1,1
784,flipped_AR_FDB_m-035-10.png,1,1,0,1
785,flipped_AR_FDB_w-010-9.png,1,0,1,1
786,flipped_FRGC_04243d150.jpg,0,1,1,1
787,flipped_FRGC_04395d94.jpg,0,1,1,1
788,flipped_AR_FDB_m-039-11.png,1,0,1,1
789,flipped_FRGC_04243d181_px_4.png,0,1,1,1
790,flipped_AR_FDB_m-054-21.png,1,1,0,1
791,flipped_FRGC_04382d18.jpg,0,1,1,1
792,flipped_AR_FDB_m-023-13.png,1,0,1,1
793,flipped_AR_FDB_w-010-6.png,1,1,0,1
794,flipped_FRGC_04618d11.jpg,0,1,1,1
795,flipped_AR_FDB_m-001-24.png,1,0,1,1
796,flipped_AR_FDB_m-006-26.png,1,0,1,1
797,flipped_AR_FDB_m-074-12_px_6.png,1,0,1,1
798,flipped_AR_FDB_w-009-22_px_4.png,1,1,0,1
799,flipped_AR_FDB_m-007-26.png,1,0,1,1
800,flipped_AR_FDB_m-055-25.png,1,0,1,1
801,flipped_FRGC_04830d38.jpg,0,1,1,1
802,flipped_FRGC_04476d152.jpg,0,1,1,1
803,flipped_AR_FDB_m-048-26.png,1,0,1,1
804,flipped_AR_FDB_m-061-22.png,1,1,0,1
805,flipped_AR_FDB_m-007-24.png,1,0,1,1
806,flipped_FRGC_04395d146_px_8.png,0,1,1,1
807,flipped_FRGC_04516d42.JPG,0,1,1,1
808,flipped_FRGC_04892d00.jpg,0,1,1,1
809,flipped_AR_FDB_m-012-8.png,1,1,0,1
810,flipped_AR_FDB_m-011-12.png,1,0,1,1
811,flipped_AR_FDB_m-070-11.png,1,0,1,1
812,flipped_AR_FDB_m-046-25.png,1,0,1,1
813,flipped_AR_FDB_w-007-2.png,1,1,0,1
814,flipped_FRGC_04382d146.jpg,0,1,1,1
815,flipped_AR_FDB_m-072-9_px_6.png,1,1,0,1
816,flipped_FRGC_04735d00.jpg,0,1,1,1
817,flipped_AR_FDB_m-012-26.png,1,0,1,1
818,flipped_AR_FDB_m-021-23.png,1,1,0,1
819,flipped_AR_FDB_m-014-8.png,1,1,0,1
820,flipped_FRGC_04839d159.jpg,0,1,1,1
821,flipped_AR_FDB_m-015-23.png,1,1,0,1
822,flipped_AR_FDB_w-003-6.png,1,0,1,1
823,flipped_AR_FDB_m-032-26.png,1,0,1,1
824,flipped_AR_FDB_m-015-24.png,1,0,1,1
825,flipped_AR_FDB_m-057-11.png,1,0,1,1
826,flipped_AR_FDB_m-041-23.png,1,1,0,1
827,flipped_FRGC_04382d140.jpg,0,1,1,1
828,flipped_AR_FDB_m-014-9.png,1,1,0,1
829,flipped_AR_m-001-8.png,1,1,0,1
830,flipped_AR_m-009-8.png,1,1,0,1
831,flipped_AR_m-027-13.png,1,0,1,1
832,flipped_AR_w-019-12.png,1,0,1,1
833,flipped_AR_w-024-12.png,1,0,1,1
834,flipped_AR_w-028-26.png,1,0,1,1
835,flipped_AR_w-041-26.png,1,0,1,1
836,flipped_AR_w-044-24.png,1,0,1,1
837,flipped_AR_w-059-12.png,1,0,1,1
838,flipped_Fall2002_04243d108.JPG,0,1,1,1
839,flipped_Fall2003_04395d141.jpg,0,1,1,1
840,flipped_Fall2003_04687d90.jpg,0,1,1,1
841,flipped_Fall2003_04829d18.jpg,0,1,1,1
842,flipped_AR_FDB_m-037-10.png,1,1,0,1
843,flipped_FRGC_04494d68_px_8.png,0,1,1,1
844,flipped_FRGC_04542d76.jpg,0,1,1,1
845,flipped_AR_FDB_m-072-12_px_6.png,1,0,1,1
846,flipped_AR_FDB_m-017-21.png,1,1,0,1
847,flipped_FRGC_04382d45_px_4.png,0,1,1,1
848,flipped_AR_FDB_w-016-20.png,1,1,0,1
849,flipped_AR_FDB_m-006-25.png,1,0,1,1
850,flipped_FRGC_04551d74.JPG,0,1,1,1
851,flipped_AR_FDB_m-018-22.png,1,1,0,1
852,flipped_AR_FDB_m-018-24.png,1,0,1,1
853,flipped_AR_FDB_m-060-11.png,1,0,1,1
854,flipped_AR_FDB_m-076-22.png,1,1,0,1
855,flipped_AR_FDB_m-031-23.png,1,1,0,1
856,flipped_FRGC_04618d19.jpg,0,1,1,1
857,flipped_AR_FDB_m-065-8.png,1,1,0,1
858,flipped_AR_FDB_m-060-26.png,1,0,1,1
859,flipped_FRGC_04516d04.JPG,0,1,1,1
860,flipped_AR_FDB_m-054-23.png,1,1,0,1
861,flipped_FRGC_04892d44.jpg,0,1,1,1
862,flipped_AR_FDB_m-043-12.png,1,0,1,1
863,flipped_AR_FDB_m-051-23.png,1,1,0,1
864,flipped_FRGC_04736d54.jpg,0,1,1,1
865,flipped_FRGC_04419d184_px_4.png,0,1,1,1
866,flipped_AR_FDB_m-021-25.png,1,0,1,1
867,flipped_AR_FDB_m-071-25.png,1,0,1,1
868,flipped_AR_FDB_m-014-11.png,1,0,1,1
869,flipped_FRGC_04419d89.jpg,0,1,1,1
870,flipped_AR_FDB_m-018-8.png,1,1,0,1
871,flipped_AR_FDB_w-009-21_px_4.png,1,1,0,1
872,flipped_AR_FDB_m-015-12.png,1,0,1,1
873,flipped_FRGC_04233d165.jpg,1,1,0,1
874,flipped_AR_FDB_w-015-13_px_6.png,1,0,1,1
875,flipped_AR_FDB_m-045-12.png,1,0,1,1
876,flipped_FRGC_04736d58.jpg,0,1,1,1
877,flipped_AR_m-060-25.png,1,0,1,1
878,flipped_AR_w-010-26.png,1,0,1,1
879,flipped_AR_w-045-12.png,1,0,1,1
880,flipped_Fall2002_04516d08.JPG,0,1,1,1
881,flipped_Fall2003_04419d185.jpg,0,1,1,1
